{
  "name": "nwsplit58",
  "lighting": "none",
  "matrix": {
    "rows": 10,
    "cols": 8
  },
  "layouts": {
    "keymap": [
      [
        {
          "x": 3
        },
        "0,4",
        {
          "x": 8.75
        },
        "5,4"
      ],
      [
        {
          "y": -0.9,
          "x": 2
        },
        "0,3"
      ],
      [
        {
          "y": -1,
          "x": 13.75
        },
        "5,3"
      ],
      [
        {
          "y": -0.9000000000000001,
          "x": 4
        },
        "0,5",
        {
          "x": 6.75
        },
        "5,5"
      ],
      [
        {
          "y": -0.8999999999999999
        },
        "0,1",
        "0,2",
        {
          "x": 3
        },
        "0,6",
        {
          "x": 4.75
        },
        "5,6",
        {
          "x": 3
        },
        "5,2",
        "5,1",
        "5,0"
      ],
      [
        {
          "y": -0.30000000000000004,
          "x": 3
        },
        "1,4",
        {
          "x": 8.75
        },
        "6,4"
      ],
      [
        {
          "y": -0.8999999999999999,
          "x": 2
        },
        "1,3",
        {
          "x": 10.75
        },
        "6,3"
      ],
      [
        {
          "y": -0.9000000000000001,
          "x": 4
        },
        "1,5",
        {
          "x": 6.75
        },
        "6,5"
      ],
      [
        {
          "y": -0.9000000000000001
        },
        "1,1",
        "1,2",
        {
          "x": 3
        },
        "1,6",
        {
          "x": 4.75
        },
        "6,6",
        {
          "x": 3
        },
        "6,2",
        "6,1",
        "6,0"
      ],
      [
        {
          "y": -0.2999999999999998,
          "x": 3
        },
        "2,4",
        {
          "x": 8.75
        },
        "7,4"
      ],
      [
        {
          "y": -0.8999999999999999,
          "x": 2
        },
        "2,3",
        {
          "x": 10.75
        },
        "7,3"
      ],
      [
        {
          "y": -0.8999999999999999,
          "x": 4,
          "n": true
        },
        "2,5",
        {
          "x": 6.75,
          "n": true
        },
        "7,5"
      ],
      [
        {
          "y": -0.9000000000000004
        },
        "2,1",
        "2,2",
        {
          "x": 3
        },
        "2,6",
        {
          "x": 4.75
        },
        "7,6",
        {
          "x": 3
        },
        "7,2",
        "7,1",
        "7,0"
      ],
      [
        {
          "y": -0.75,
          "x": 6,
          "h": 1.5
        },
        "3,7",
        {
          "x": 2.75,
          "h": 1.5
        },
        "8,7"
      ],
      [
        {
          "y": -0.5499999999999998,
          "x": 3
        },
        "3,4",
        {
          "x": 8.75
        },
        "8,4"
      ],
      [
        {
          "y": -0.8999999999999999,
          "x": 2
        },
        "3,3",
        {
          "x": 10.75
        },
        "8,3"
      ],
      [
        {
          "y": -0.8999999999999995,
          "x": 4
        },
        "3,5",
        {
          "x": 6.75
        },
        "8,5"
      ],
      [
        {
          "y": -0.9000000000000004
        },
        "3,1",
        "3,2",
        {
          "x": 3
        },
        "3,6",
        {
          "x": 4.75
        },
        "8,6",
        {
          "x": 3
        },
        "8,2",
        "8,1",
        "8,0"
      ],
      [
        {
          "y": 0.20000000000000018,
          "x": 4.5
        },
        "4,5",
        {
          "x": 5.75
        },
        "9,5"
      ],
      [
        {
          "r": 30,
          "rx": 5.5,
          "ry": 5.5,
          "y": -1.5499999999999998,
          "h": 1.5
        },
        "4,6",
        {
          "h": 1.5
        },
        "4,7"
      ],
      [
        {
          "r": -30,
          "rx": 11.25,
          "y": -1.5499999999999998,
          "x": -2,
          "h": 1.5
        },
        "9,7",
        {
          "h": 1.5
        },
        "9,6"
      ]
    ]
  }
}
